strategy_a,strategy_b,n_pairs,mean_a,mean_b,mean_diff,diff_ci_lo,diff_ci_hi,wilcoxon_W,p_value,cohens_d,effect_size,p_bonferroni,p_holm,sig_holm
zero_shot,few_shot_generic,110,0.2767909090909091,0.37418181818181817,-0.09739090909090907,-0.1458184090909091,-0.04669068181818188,1166.0,0.0006140419166652804,-0.37391785121405274,small,0.0036842514999916825,0.0012280838333305608,**
zero_shot,proposed,110,0.2767909090909091,0.6319272727272727,-0.35513636363636353,-0.4101218181818182,-0.3011915909090909,118.0,2.220419904455811e-15,-1.2139275811043244,large,1.3322519426734866e-14,8.881679617823244e-15,***
zero_shot,proposed_with_few_shot,110,0.2767909090909091,0.6941454545454545,-0.4173545454545453,-0.46756431818181826,-0.3678163636363636,54.5,8.582173866044498e-18,-1.5374075058753014,large,5.149304319626699e-17,5.149304319626699e-17,***
few_shot_generic,proposed,110,0.37418181818181817,0.6319272727272727,-0.25774545454545456,-0.30387386363636365,-0.21109750000000005,225.5,9.04734347736768e-14,-1.0196114354752535,large,5.428406086420608e-13,2.714203043210304e-13,***
few_shot_generic,proposed_with_few_shot,110,0.37418181818181817,0.6941454545454545,-0.3199636363636363,-0.3653527272727273,-0.27423568181818186,165.0,1.2879748464871356e-16,-1.303945876814949,large,7.727849078922814e-16,6.439874232435678e-16,***
proposed,proposed_with_few_shot,110,0.6319272727272727,0.6941454545454545,-0.0622181818181818,-0.11017840909090908,-0.01530090909090913,1069.0,0.008122650991621511,-0.24378957500039472,small,0.04873590594972907,0.008122650991621511,**
