strategy,n,needed_repair,needed_pct,avg_calls,max_calls
zero_shot,110,106,0.9636363636363636,2.3727272727272726,3
few_shot_generic,110,2,0.01818181818181818,0.01818181818181818,1
proposed,110,108,0.9818181818181818,1.3545454545454545,3
proposed_with_few_shot,110,0,0.0,0,0
