strategy,n,valid_raw,valid_repaired,valid_delta,coverage_raw,coverage_repaired,coverage_delta
zero_shot,110,0.03636363636363636,0.5454545454545454,0.509090909090909,0.2767909090909091,0.23235454545454545,-0.044436363636363635
few_shot_generic,110,0.9818181818181818,1.0,0.018181818181818188,0.37418181818181817,0.37418181818181817,0.0
proposed,110,0.01818181818181818,0.9636363636363636,0.9454545454545454,0.6319272727272727,0.5978636363636364,-0.034063636363636296
proposed_with_few_shot,110,1.0,1.0,0.0,0.6941454545454545,0.6941454545454545,0.0
