strategy_a,strategy_b,n_pairs,mean_a,mean_b,mean_diff,diff_ci_lo,diff_ci_hi,wilcoxon_W,p_value,cohens_d,effect_size,p_bonferroni,p_holm,sig_holm
zero_shot,few_shot_generic,110,0.18615454545454546,0.2772363636363636,-0.0910818181818182,-0.13388295454545454,-0.04680000000000004,906.0,0.00014063512416104498,-0.3780002937067605,small,0.0008438107449662698,0.00028127024832208996,***
zero_shot,proposed,110,0.18615454545454546,0.46448181818181816,-0.27832727272727276,-0.3312615909090909,-0.22584204545454548,249.5,6.935752249941222e-13,-0.9881083936116466,large,4.1614513499647335e-12,3.467876124970611e-12,***
zero_shot,proposed_with_few_shot,110,0.18615454545454546,0.5141454545454546,-0.32799090909090894,-0.38354795454545454,-0.26998545454545453,252.0,4.967485782006931e-14,-1.0756374148441836,large,2.9804914692041586e-13,2.9804914692041586e-13,***
few_shot_generic,proposed,110,0.2772363636363636,0.46448181818181816,-0.18724545454545455,-0.24273613636363633,-0.13287113636363637,751.0,3.8130690110584035e-08,-0.6330355576918593,medium,2.287841406635042e-07,1.143920703317521e-07,***
few_shot_generic,proposed_with_few_shot,110,0.2772363636363636,0.5141454545454546,-0.23690909090909093,-0.29312772727272723,-0.17915659090909097,593.5,1.3739985631047514e-10,-0.7682249122071769,medium,8.243991378628508e-10,5.495994252419006e-10,***
proposed,proposed_with_few_shot,110,0.46448181818181816,0.5141454545454546,-0.04966363636363636,-0.09995590909090908,0.0030509090909090113,1693.0,0.08226183509709455,-0.1728718676911929,negligible,0.49357101058256725,0.08226183509709455,ns
