strategy,n,needed_repair,needed_pct,avg_calls,max_calls
zero_shot,110,40,0.36363636363636365,0.5272727272727272,3
few_shot_generic,110,4,0.03636363636363636,0.045454545454545456,2
proposed,110,29,0.2636363636363636,0.3,3
proposed_with_few_shot,110,2,0.01818181818181818,0.03636363636363636,3
