strategy,n,valid_raw,valid_repaired,valid_delta,coverage_raw,coverage_repaired,coverage_delta
zero_shot,110,0.6363636363636364,0.990909090909091,0.3545454545454546,0.18615454545454546,0.18463636363636363,-0.0015181818181818352
few_shot_generic,110,0.9636363636363636,1.0,0.036363636363636376,0.2772363636363636,0.27950909090909093,0.002272727272727315
proposed,110,0.7363636363636363,0.9818181818181818,0.24545454545454548,0.46448181818181816,0.45496363636363635,-0.009518181818181815
proposed_with_few_shot,110,0.9818181818181818,0.990909090909091,0.00909090909090915,0.5141454545454546,0.5141454545454546,0.0
